City_ID,City,Lat,Lng,Max Temp,Humidity,Cloudiness,Wind Speed,Country,Date
0,New Norfolk,-42.7826,147.0587,42.3,83,13,1.01,AU,2022-07-28 22:14:16
1,Hermanus,-34.4187,19.2345,57.33,77,22,12.17,ZA,2022-07-28 22:09:17
2,Busselton,-33.65,115.3333,58.51,71,100,15.7,AU,2022-07-28 22:14:16
3,Chifeng,42.2683,118.9636,65.8,81,100,1.7,CN,2022-07-28 22:14:17
4,Moron,-34.6534,-58.6198,55.15,67,4,10.47,AR,2022-07-28 22:14:17
5,East London,-33.0153,27.9116,70.83,53,26,18.63,ZA,2022-07-28 22:14:17
6,Butaritari,3.0707,172.7902,81.88,72,37,15.97,KI,2022-07-28 22:14:18
7,Rikitea,-23.1203,-134.9692,73.47,72,76,21.59,PF,2022-07-28 22:14:18
8,Tamesis,5.6646,-75.7134,67.35,86,90,1.83,CO,2022-07-28 22:14:18
9,Ushuaia,-54.8,-68.3,40.66,81,40,25.32,AR,2022-07-28 22:14:19
10,Bandarbeyla,9.4942,50.8122,76.17,82,74,26.8,SO,2022-07-28 22:14:19
11,Hamilton,39.1834,-84.5333,90.14,50,20,9.22,US,2022-07-28 22:10:24
12,Port Alfred,-33.5906,26.891,68.18,61,1,3.0,ZA,2022-07-28 22:14:20
13,Bud,39.447,-86.1758,85.98,61,75,4.45,US,2022-07-28 22:14:20
14,Sitka,57.0531,-135.33,58.89,94,100,5.75,US,2022-07-28 22:14:20
15,Cape Town,-33.9258,18.4232,58.87,83,56,10.0,ZA,2022-07-28 22:12:01
16,Bethel,41.3712,-73.414,86.36,75,100,6.91,US,2022-07-28 22:14:21
17,Puerto Baquerizo Moreno,-0.9,-89.6,70.79,88,75,8.05,EC,2022-07-28 22:10:11
18,Mataura,-46.1927,168.8643,47.48,96,85,2.66,NZ,2022-07-28 22:14:21
19,Namibe,-15.1961,12.1522,61.11,83,21,7.31,AO,2022-07-28 22:14:22
20,Dingle,10.9995,122.6711,77.81,90,100,7.2,PH,2022-07-28 22:14:22
21,Severnoye,56.3491,78.3619,57.13,95,65,8.39,RU,2022-07-28 22:14:22
22,Hobart,-42.8794,147.3294,42.66,76,40,11.5,AU,2022-07-28 22:14:22
23,Padang,-0.9492,100.3543,78.01,85,100,4.59,ID,2022-07-28 22:14:23
24,Takoradi,4.8845,-1.7554,75.38,79,78,10.96,GH,2022-07-28 22:14:23
25,Saint George,37.1041,-113.5841,98.64,28,0,10.36,US,2022-07-28 22:14:13
26,Tateyama,34.9833,139.8667,83.1,85,84,8.86,JP,2022-07-28 22:14:24
27,Eyl,7.9803,49.8164,76.15,78,66,21.12,SO,2022-07-28 22:14:24
28,Avarua,-21.2078,-159.775,78.85,78,20,21.85,CK,2022-07-28 22:14:24
29,Albany,42.6001,-73.9662,82.92,63,72,1.01,US,2022-07-28 22:14:04
30,Saskylakh,71.9167,114.0833,60.19,91,100,4.61,RU,2022-07-28 22:14:25
31,Arumbavur,11.3833,78.7333,79.47,81,21,1.74,IN,2022-07-28 22:14:25
32,Kiunga,-6.1219,141.2906,74.08,99,98,3.36,PG,2022-07-28 22:14:25
33,Jamestown,42.097,-79.2353,80.94,41,0,13.8,US,2022-07-28 22:12:28
34,Hilo,19.7297,-155.09,88.29,72,40,11.5,US,2022-07-28 22:14:26
35,Fort Nelson,58.8053,-122.7002,76.59,47,75,12.66,CA,2022-07-28 22:14:26
36,Christchurch,-43.5333,172.6333,45.32,93,75,4.61,NZ,2022-07-28 22:10:15
37,Bluff,-46.6,168.3333,47.8,74,85,12.3,NZ,2022-07-28 22:14:27
38,Esperance,-33.8667,121.9,56.84,85,37,12.91,AU,2022-07-28 22:14:27
39,Punta Arenas,-53.15,-70.9167,41.11,87,40,29.93,CL,2022-07-28 22:14:16
40,Bredasdorp,-34.5322,20.0403,52.02,78,0,9.51,ZA,2022-07-28 22:14:27
41,Ponta Do Sol,32.6667,-17.1,74.71,84,1,2.39,PT,2022-07-28 22:14:28
42,Penzance,50.1186,-5.5371,61.48,79,70,5.57,GB,2022-07-28 22:14:28
43,Kodiak,57.79,-152.4072,65.71,42,0,8.05,US,2022-07-28 22:14:28
44,Hofn,64.2539,-15.2082,51.64,92,100,1.83,IS,2022-07-28 22:14:29
45,San Quintin,30.4833,-115.95,74.39,65,11,13.76,MX,2022-07-28 22:14:29
46,Port Hedland,-20.3167,118.5667,59.05,51,0,8.05,AU,2022-07-28 22:14:29
47,Puerto Ayora,-0.7393,-90.3518,78.76,93,72,7.0,EC,2022-07-28 22:15:30
48,Chokurdakh,70.6333,147.9167,53.47,40,100,14.0,RU,2022-07-28 22:15:30
49,Semnan,35.5729,53.3971,80.44,47,75,11.5,IR,2022-07-28 22:15:30
50,Tuktoyaktuk,69.4541,-133.0374,44.6,93,100,10.36,CA,2022-07-28 22:15:31
51,Kantunilkin,21.0917,-87.45,93.42,41,71,8.66,MX,2022-07-28 22:15:31
52,Moosomin,50.1333,-101.6677,69.24,50,58,7.14,CA,2022-07-28 22:15:31
53,Saldanha,-33.0117,17.9442,57.25,80,39,14.56,ZA,2022-07-28 22:15:31
54,Khatanga,71.9667,102.5,62.8,65,48,5.14,RU,2022-07-28 22:15:32
55,Paka,4.6374,103.4368,73.33,100,52,0.0,MY,2022-07-28 22:15:32
56,Courtenay,49.6866,-124.9936,97.0,48,20,2.3,CA,2022-07-28 22:15:32
57,Springbok,-29.6643,17.8865,46.0,79,80,8.05,ZA,2022-07-28 22:15:33
58,Petropavlovsk-Kamchatskiy,53.0452,158.6483,63.19,72,75,6.71,RU,2022-07-28 22:15:33
59,Meulaboh,4.1363,96.1285,75.02,92,99,1.68,ID,2022-07-28 22:15:33
60,Athabasca,54.7169,-113.2854,85.84,44,2,11.14,CA,2022-07-28 22:15:34
61,Pevek,69.7008,170.3133,40.15,77,97,2.82,RU,2022-07-28 22:15:34
62,Kologriv,58.8275,44.3178,60.33,84,6,5.79,RU,2022-07-28 22:11:31
63,Tiksi,71.6872,128.8694,51.17,91,94,3.33,RU,2022-07-28 22:15:35
64,Esil,51.9556,66.4042,60.57,97,100,10.63,KZ,2022-07-28 22:15:35
65,Vardo,70.3705,31.1107,49.98,81,100,13.8,NO,2022-07-28 22:15:35
66,Tasiilaq,65.6145,-37.6368,41.16,95,100,3.87,GL,2022-07-28 22:15:36
67,Sisimiut,66.9395,-53.6735,44.15,77,99,4.79,GL,2022-07-28 22:15:36
68,Upernavik,72.7868,-56.1549,43.43,69,100,5.26,GL,2022-07-28 22:15:36
69,Demba,-5.51,22.2667,70.66,45,57,2.04,CD,2022-07-28 22:15:37
70,Ilulissat,69.2167,-51.1,51.82,62,40,5.75,GL,2022-07-28 22:15:37
71,Thompson,55.7435,-97.8558,77.16,33,40,3.44,CA,2022-07-28 22:15:37
72,Fort Thomas,39.0751,-84.4472,89.94,50,20,9.22,US,2022-07-28 22:15:38
73,San Lorenzo,-25.3333,-57.5333,65.34,82,100,23.02,PY,2022-07-28 22:15:38
74,General Roca,-39.0333,-67.5833,57.61,43,2,13.47,AR,2022-07-28 22:15:38
75,Cockburn Town,21.4612,-71.1419,81.43,74,2,19.19,TC,2022-07-28 22:13:19
76,Aklavik,68.2191,-135.0107,53.6,82,100,2.3,CA,2022-07-28 22:15:39
77,Castro,-24.7911,-50.0119,62.69,61,100,5.59,BR,2022-07-28 22:15:39
78,Heze,35.2431,115.4411,71.26,98,5,5.79,CN,2022-07-28 22:15:39
79,Tongliao,43.6125,122.2653,68.05,98,100,7.18,CN,2022-07-28 22:15:40
80,Longyearbyen,78.2186,15.6401,42.64,81,75,11.5,SJ,2022-07-28 22:15:40
81,Lagoa,39.05,-27.9833,72.21,75,2,3.51,PT,2022-07-28 22:15:40
82,Tuatapere,-46.1333,167.6833,42.3,88,91,3.31,NZ,2022-07-28 22:15:41
83,Kotelnikovo,47.6317,43.1461,77.65,42,0,2.84,RU,2022-07-28 22:15:41
84,Saravan,39.7196,45.6483,62.35,73,0,7.49,AM,2022-07-28 22:15:42
85,Sechura,-5.5569,-80.8222,73.54,57,8,16.64,PE,2022-07-28 22:15:42
86,Namangan,40.9983,71.6726,81.05,36,90,2.3,UZ,2022-07-28 22:15:42
87,Airai,-8.9266,125.4092,50.49,69,81,3.94,TL,2022-07-28 22:15:43
88,Naze,28.3667,129.4833,81.52,84,30,14.12,JP,2022-07-28 22:15:43
89,Nome,64.5011,-165.4064,59.16,76,0,6.91,US,2022-07-28 22:15:43
90,Avera,33.194,-82.5271,92.71,44,100,10.38,US,2022-07-28 22:15:44
91,Hernani,43.2662,-1.9762,68.41,79,0,3.44,ES,2022-07-28 22:15:44
92,Moose Factory,51.2585,-80.6094,64.4,94,100,3.44,CA,2022-07-28 22:16:44
93,Ambon,-3.6954,128.1814,78.94,89,75,5.75,ID,2022-07-28 22:16:45
94,Husavik,66.0449,-17.3389,51.21,80,32,3.71,IS,2022-07-28 22:16:45
95,Vestmannaeyjar,63.4427,-20.2734,49.69,75,98,7.36,IS,2022-07-28 22:16:45
96,Cherskiy,68.75,161.3,58.03,43,6,2.46,RU,2022-07-28 22:16:46
97,Faanui,-16.4833,-151.75,79.45,71,1,23.35,PF,2022-07-28 22:16:46
98,Padampur,29.6833,73.6167,86.32,71,100,6.8,IN,2022-07-28 22:16:46
99,Arlit,18.7369,7.3853,89.62,45,100,17.85,NE,2022-07-28 22:16:47
100,Saint-Louis,16.3333,-15.0,84.18,60,80,17.92,SN,2022-07-28 22:16:47
101,Sikasso,10.9167,-7.0,77.31,79,94,6.15,ML,2022-07-28 22:16:47
102,Ponta Delgada,37.7333,-25.6667,70.52,78,40,4.61,PT,2022-07-28 22:16:48
103,Isabela,6.7085,121.9711,75.25,83,100,2.04,PH,2022-07-28 22:12:59
104,Hithadhoo,-0.6,73.0833,82.04,73,93,13.96,MV,2022-07-28 22:16:48
105,Kapaa,22.0752,-159.319,83.19,70,40,9.22,US,2022-07-28 22:16:49
106,Lavrentiya,65.5833,-171.0,44.91,87,99,4.9,RU,2022-07-28 22:16:49
107,Dikson,73.5069,80.5464,43.25,100,100,15.88,RU,2022-07-28 22:16:49
108,Hauterive,46.0901,3.4459,70.56,50,97,1.14,FR,2022-07-28 22:16:50
109,Aras,42.5617,-2.356,68.41,53,0,9.22,ES,2022-07-28 22:16:50
110,Zhigansk,66.7697,123.3711,69.96,62,90,5.32,RU,2022-07-28 22:16:50
111,Mul,20.0667,79.6667,78.39,88,100,5.01,IN,2022-07-28 22:16:51
112,Puerto Escondido,15.85,-97.0667,86.83,58,40,4.61,MX,2022-07-28 22:16:51
113,Verkhoyansk,67.5447,133.385,78.28,44,75,1.28,RU,2022-07-28 22:16:51
114,Vizianagaram,18.1167,83.4167,80.11,82,32,1.79,IN,2022-07-28 22:16:52
115,Calvinia,-31.4707,19.776,44.71,87,22,8.86,ZA,2022-07-28 22:16:52
116,Soyo,-6.1349,12.3689,70.63,85,64,7.02,AO,2022-07-28 22:16:52
117,Arraial Do Cabo,-22.9661,-42.0278,75.06,64,0,8.05,BR,2022-07-28 22:14:28
118,Chuy,-33.6971,-53.4616,48.06,85,79,15.88,UY,2022-07-28 22:16:53
119,Chapais,49.7834,-74.8492,64.18,84,100,7.27,CA,2022-07-28 22:16:53
120,Mataram,-8.5833,116.1167,67.01,81,68,4.25,ID,2022-07-28 22:16:53
121,Tevriz,57.509,72.4042,55.81,84,99,7.99,RU,2022-07-28 22:16:54
122,Ahipara,-35.1667,173.1667,58.57,68,83,10.09,NZ,2022-07-28 22:16:54
123,Te Anau,-45.4167,167.7167,42.19,88,94,3.0,NZ,2022-07-28 22:16:54
124,Torbay,47.6666,-52.7314,58.28,91,100,12.66,CA,2022-07-28 22:16:55
125,Lorengau,-2.0226,147.2712,81.95,80,53,14.03,PG,2022-07-28 22:16:55
126,Harper,4.375,-7.7169,74.75,78,100,8.84,LR,2022-07-28 22:16:55
127,Victoria,22.2855,114.1577,87.33,81,93,3.0,HK,2022-07-28 22:14:45
128,Yellowknife,62.456,-114.3525,68.52,56,75,8.05,CA,2022-07-28 22:16:14
129,Boa Vista,2.8197,-60.6733,80.58,74,40,6.91,BR,2022-07-28 22:16:56
130,Yarada,17.65,83.2667,80.92,94,20,2.3,IN,2022-07-28 22:16:56
131,Ampanihy,-24.7,44.75,61.72,89,25,11.07,MG,2022-07-28 22:16:57
132,Taoudenni,22.6783,-3.9836,106.43,13,74,12.59,ML,2022-07-28 22:16:57
133,Torres,-29.3353,-49.7269,64.49,91,99,10.38,BR,2022-07-28 22:14:05
134,Mastung,29.7994,66.845,72.7,78,100,2.35,PK,2022-07-28 22:16:57
135,Bilma,18.6853,12.9164,87.13,48,100,22.75,NE,2022-07-28 22:13:23
136,Kavieng,-2.5744,150.7967,82.31,77,76,17.65,PG,2022-07-28 22:17:58
137,Carnarvon,-24.8667,113.6333,69.42,56,100,2.1,AU,2022-07-28 22:17:58
138,Cap Estate,14.0833,-60.95,82.06,74,40,10.36,LC,2022-07-28 22:17:58
139,Sydney,-33.8679,151.2073,53.31,69,20,17.27,AU,2022-07-28 22:14:44
140,Broken Hill,-31.95,141.4333,44.94,52,100,6.6,AU,2022-07-28 22:17:59
141,Shumyachi,53.8583,32.4242,54.07,82,5,2.82,RU,2022-07-28 22:17:59
142,Andenes,69.3143,16.1194,48.18,93,75,5.75,NO,2022-07-28 22:18:00
143,Eureka,40.8021,-124.1637,72.19,76,68,7.0,US,2022-07-28 22:13:22
144,Georgetown,5.4112,100.3354,80.53,89,20,4.61,MY,2022-07-28 22:16:58
145,Faya,18.3851,42.4509,69.91,52,100,3.36,SA,2022-07-28 22:18:00
146,Iqaluit,63.7506,-68.5145,55.13,58,75,5.75,CA,2022-07-28 22:18:00
147,Tiznit,29.5833,-9.5,72.39,60,0,2.15,MA,2022-07-28 22:18:01
148,Sol-Iletsk,51.1631,54.9918,66.09,77,5,4.34,RU,2022-07-28 22:18:01
149,Klaksvik,62.2266,-6.589,52.72,92,90,15.37,FO,2022-07-28 22:18:01
150,Narsaq,60.9167,-46.05,57.42,63,32,4.25,GL,2022-07-28 22:18:02
151,Luderitz,-26.6481,15.1594,53.55,88,62,1.54,NA,2022-07-28 22:18:02
152,Vaini,-21.2,-175.2,80.76,83,40,10.36,TO,2022-07-28 22:18:02
153,Gat,31.61,34.7642,84.4,76,0,4.72,IL,2022-07-28 22:17:04
154,Fairbanks,64.8378,-147.7164,63.23,56,75,11.5,US,2022-07-28 22:18:03
155,Barrow,71.2906,-156.7887,33.78,96,100,12.26,US,2022-07-28 22:18:03
156,Constitucion,-35.3333,-72.4167,54.59,70,0,9.31,CL,2022-07-28 22:18:03
157,Nikolskoye,59.7035,30.7861,59.81,84,98,3.53,RU,2022-07-28 22:18:04
158,Bridlington,54.0831,-0.1919,61.9,84,100,11.59,GB,2022-07-28 22:16:10
159,Kenai,60.5544,-151.2583,70.03,39,0,6.91,US,2022-07-28 22:18:04
160,Onguday,50.75,86.15,54.84,76,31,2.98,RU,2022-07-28 22:18:05
161,Sioux Lookout,50.1001,-91.917,66.27,59,75,13.8,CA,2022-07-28 22:16:15
162,Manokwari,-0.8667,134.0833,78.53,78,100,2.33,ID,2022-07-28 22:18:05
163,Talnakh,69.4865,88.3972,54.93,72,0,7.45,RU,2022-07-28 22:18:05
164,Meadow Lake,34.8014,-106.5436,84.61,41,70,10.0,US,2022-07-28 22:16:12
165,Dingtao,35.0683,115.5625,71.37,97,2,5.77,CN,2022-07-28 22:18:06
166,Ahuimanu,21.4447,-157.8378,87.51,59,40,11.5,US,2022-07-28 22:18:06
167,Najran,17.4924,44.1277,86.65,42,28,5.57,SA,2022-07-28 22:18:07
168,Pisco,-13.7,-76.2167,62.65,77,0,16.11,PE,2022-07-28 22:18:07
169,Sistranda,63.7256,8.834,53.56,69,97,7.83,NO,2022-07-28 22:18:07
170,Fortuna,40.5982,-124.1573,71.92,74,20,17.27,US,2022-07-28 22:18:08
171,Homer,59.6425,-151.5483,69.76,47,0,4.61,US,2022-07-28 22:14:15
172,Porrentruy,47.4153,7.0752,69.6,81,47,3.44,CH,2022-07-28 22:18:08
173,Dawlatabad,36.4141,64.9053,82.74,23,0,4.85,AF,2022-07-28 22:18:09
174,Port Elizabeth,-33.918,25.5701,62.31,81,0,9.22,ZA,2022-07-28 22:18:09
175,Russell,32.3502,-85.1999,92.01,55,0,6.91,US,2022-07-28 22:18:09
176,Banda Aceh,5.5577,95.3222,77.5,85,100,14.18,ID,2022-07-28 22:18:10
177,Terrace Bay,48.7834,-87.1,57.43,89,94,11.43,CA,2022-07-28 22:18:10
178,Leningradskiy,69.3833,178.4167,41.47,75,97,7.54,RU,2022-07-28 22:18:10
179,Comodoro Rivadavia,-45.8667,-67.5,51.66,40,0,29.93,AR,2022-07-28 22:18:10
180,Astoria,46.1879,-123.8313,72.43,80,0,9.22,US,2022-07-28 22:18:11
181,Mirante Do Paranapanema,-22.2919,-51.9064,75.94,27,45,4.03,BR,2022-07-28 22:18:11
182,Portobelo,9.55,-79.65,74.95,87,100,0.76,PA,2022-07-28 22:19:11
183,Santa Vitoria Do Palmar,-33.5189,-53.3681,48.72,85,85,15.1,BR,2022-07-28 22:17:53
184,Waipawa,-41.4122,175.5153,51.4,76,45,6.08,NZ,2022-07-28 22:19:12
185,Hornepayne,49.2138,-84.7705,60.08,94,100,7.63,CA,2022-07-28 22:19:12
186,Gorom-Gorom,14.4439,-0.2361,84.99,59,86,20.6,BF,2022-07-28 22:19:13
187,Provideniya,64.3833,-173.3,50.36,93,100,7.0,RU,2022-07-28 22:19:13
188,Progreso,21.2833,-89.6667,80.71,77,88,15.86,MX,2022-07-28 22:19:13
189,Honningsvag,70.9821,25.9704,47.95,81,100,9.22,NO,2022-07-28 22:19:14
190,Qaanaaq,77.484,-69.3632,41.47,67,13,3.13,GL,2022-07-28 22:19:14
191,Cabo San Lucas,22.8909,-109.9124,94.6,56,40,8.01,MX,2022-07-28 22:19:14
192,Saint-Augustin,51.226,-58.6502,56.5,75,100,9.84,CA,2022-07-28 22:19:15
193,Severo-Kurilsk,50.6789,156.125,54.18,90,100,9.75,RU,2022-07-28 22:19:15
194,Ardakan,32.31,54.0175,90.3,40,99,2.44,IR,2022-07-28 22:19:15
195,Mehamn,71.0357,27.8492,48.15,87,75,8.05,NO,2022-07-28 22:19:16
196,Bloomingdale,27.8936,-82.2404,96.06,65,57,3.0,US,2022-07-28 22:17:50
197,Wajir,1.7471,40.0573,74.75,56,11,15.64,KE,2022-07-28 22:19:16
198,Andes,5.6561,-75.8788,69.12,90,92,1.81,CO,2022-07-28 22:19:17
199,Guasdualito,7.2424,-70.7324,84.16,70,40,0.0,VE,2022-07-28 22:19:17
200,Kudat,6.8837,116.8477,76.93,94,20,2.3,MY,2022-07-28 22:19:17
201,Alta Floresta,-9.8756,-56.0861,80.58,27,6,2.26,BR,2022-07-28 22:19:18
202,Birao,10.2849,22.7882,69.19,98,99,4.05,CF,2022-07-28 22:19:18
203,Clyde River,70.4692,-68.5914,39.43,100,100,11.5,CA,2022-07-28 22:19:18
204,Katsuura,35.1333,140.3,81.18,88,76,9.71,JP,2022-07-28 22:19:19
205,La Ronge,55.1001,-105.2842,79.05,27,20,9.22,CA,2022-07-28 22:16:12
206,Tadine,-21.55,167.8833,71.94,68,0,14.85,NC,2022-07-28 22:19:19
207,Bentiu,9.2333,29.8333,70.54,96,97,3.78,SS,2022-07-28 22:19:19
208,Rundu,-17.9333,19.7667,58.03,32,13,6.06,NA,2022-07-28 22:19:20
209,Abu Zabad,12.35,29.25,74.46,84,97,11.65,SD,2022-07-28 22:19:20
210,Srandakan,-7.9386,110.2506,72.73,91,85,5.03,ID,2022-07-28 22:19:21
211,Saint-Philippe,-21.3585,55.7679,67.59,84,18,9.62,RE,2022-07-28 22:19:21
212,Xam Nua,20.4197,104.0439,68.32,86,100,2.17,LA,2022-07-28 22:19:21
213,Pinega,64.7001,43.3936,60.57,96,98,3.53,RU,2022-07-28 22:19:22
214,El Alto,-4.2714,-81.2147,65.86,77,13,11.95,PE,2022-07-28 22:19:22
215,Gobabis,-22.45,18.9667,59.43,32,72,8.21,NA,2022-07-28 22:19:22
216,Belaya Gora,68.5333,146.4167,54.12,45,100,12.39,RU,2022-07-28 22:19:22
217,Touros,-5.1989,-35.4608,76.37,81,6,13.0,BR,2022-07-28 22:18:54
218,Nyagan,62.1406,65.3936,55.47,71,0,1.57,RU,2022-07-28 22:19:23
219,Saint-Joseph,-21.3667,55.6167,66.58,81,8,9.53,RE,2022-07-28 22:19:23
220,Biak,-0.9131,122.8766,73.99,93,98,4.56,ID,2022-07-28 22:19:24
221,Atuona,-9.8,-139.0333,76.15,80,28,24.23,PF,2022-07-28 22:15:23
222,Grindavik,63.8424,-22.4338,48.67,93,100,13.8,IS,2022-07-28 22:19:24
223,Natal,-5.795,-35.2094,79.02,83,0,21.85,BR,2022-07-28 22:19:18
224,Kroya,-7.6331,109.2461,73.72,91,70,1.14,ID,2022-07-28 22:19:24
225,Pandan,14.0453,124.1694,81.46,81,95,8.72,PH,2022-07-28 22:19:25
226,Glenwood Springs,39.5505,-107.3248,76.01,54,100,6.91,US,2022-07-28 22:19:25
227,Galle,6.0367,80.217,78.03,88,100,6.82,LK,2022-07-28 22:19:25
228,Lamesa,32.7376,-101.951,98.53,22,0,11.16,US,2022-07-28 22:19:26
229,Scarborough,54.2797,-0.4044,57.9,84,100,8.01,GB,2022-07-28 22:17:07
230,Asaka,35.8047,139.6019,84.79,73,10,3.62,JP,2022-07-28 22:20:26
231,Yigou,35.8114,114.3167,71.1,94,0,5.53,CN,2022-07-28 22:20:27
232,Joaima,-16.6542,-41.0306,68.31,51,0,1.81,BR,2022-07-28 22:20:27
233,Alofi,-19.0595,-169.9187,78.69,78,75,16.11,NU,2022-07-28 22:20:27
234,Toora-Khem,52.4675,96.11,45.28,94,34,1.34,RU,2022-07-28 22:20:28
235,Gizo,-8.103,156.8419,82.47,72,67,7.94,SB,2022-07-28 22:20:28
236,Coihaique,-45.5752,-72.0662,42.75,75,75,5.75,CL,2022-07-28 22:20:28
237,Lahij,13.1667,44.5833,87.24,47,23,3.78,YE,2022-07-28 22:20:28
238,Nemuro,43.3236,145.575,60.15,91,59,3.2,JP,2022-07-28 22:20:29
239,Rudsar,37.1376,50.288,76.53,83,90,6.26,IR,2022-07-28 22:20:29
240,Abilene,32.4487,-99.7331,101.08,24,75,16.11,US,2022-07-28 22:17:03
241,Ewa Beach,21.3156,-158.0072,87.75,51,0,18.41,US,2022-07-28 22:20:30
242,Hervey Bay,-25.2986,152.8535,53.02,88,0,1.01,AU,2022-07-28 22:20:30
243,Lebu,-37.6167,-73.65,49.96,84,0,16.53,CL,2022-07-28 22:20:30
244,Shahr-E Kord,32.3256,50.8644,65.97,88,40,4.61,IR,2022-07-28 22:20:31
245,Beboto,8.2668,16.939,69.31,99,92,4.03,TD,2022-07-28 22:20:31
246,Kaitangata,-46.2817,169.8464,43.25,89,100,8.16,NZ,2022-07-28 22:20:32
247,Wanning,18.8003,110.3967,78.98,86,25,5.97,CN,2022-07-28 22:20:32
248,Trofors,65.5333,13.4063,49.87,86,53,1.32,NO,2022-07-28 22:20:32
249,Baherden,38.4362,57.4316,83.84,37,26,2.51,TM,2022-07-28 22:20:32
250,Muros,42.7762,-9.0603,67.08,80,0,5.93,ES,2022-07-28 22:20:33
251,Santa Isabel Do Rio Negro,-0.4139,-65.0192,81.79,72,60,1.9,BR,2022-07-28 22:20:33
252,Ormara,25.2088,64.6357,81.77,77,100,13.22,PK,2022-07-28 22:20:34
253,Concepcion,-36.827,-73.0498,55.2,76,0,10.36,CL,2022-07-28 22:20:34
254,Virginia Beach,36.8529,-75.978,96.06,58,75,11.5,US,2022-07-28 22:16:24
255,Jalu,29.0331,21.5482,85.64,39,0,14.52,LY,2022-07-28 22:20:34
256,Ancud,-41.8697,-73.8203,46.22,79,100,4.88,CL,2022-07-28 22:20:35
257,Concepcion Del Oro,24.6333,-101.4167,71.56,40,96,5.21,MX,2022-07-28 22:20:35
258,Thunder Bay,48.4001,-89.3168,67.91,73,75,9.22,CA,2022-07-28 22:19:25
259,Vila Franca Do Campo,37.7167,-25.4333,70.21,85,14,3.76,PT,2022-07-28 22:20:35
260,Sinop,41.7711,34.8709,62.33,64,0,5.59,TR,2022-07-28 22:20:36
261,Broome,42.2506,-75.833,82.09,66,20,3.44,US,2022-07-28 22:20:36
262,Beringovskiy,63.05,179.3167,49.68,77,100,9.48,RU,2022-07-28 22:20:36
263,Neryungri,56.6709,124.6491,60.39,96,100,3.13,RU,2022-07-28 22:20:37
264,Yar-Sale,66.8333,70.8333,60.67,66,90,5.39,RU,2022-07-28 22:20:37
265,Mahebourg,-20.4081,57.7,69.26,88,40,9.22,MU,2022-07-28 22:20:37
266,Twentynine Palms,34.1356,-116.0542,102.34,23,74,3.51,US,2022-07-28 22:20:38
267,Palapye,-22.546,27.1251,56.5,50,0,8.48,BW,2022-07-28 22:20:38
268,Dunedin,-45.8742,170.5036,45.81,74,100,5.99,NZ,2022-07-28 22:20:34
269,Ploemeur,47.7333,-3.4333,67.82,72,0,0.0,FR,2022-07-28 22:20:38
270,Namatanai,-3.6667,152.4333,81.73,75,90,11.25,PG,2022-07-28 22:20:39
271,Half Moon Bay,37.4636,-122.4286,79.41,72,100,19.57,US,2022-07-28 22:18:32
272,Isangel,-19.55,169.2667,75.4,87,100,11.43,VU,2022-07-28 22:20:39
273,Poya,-21.35,165.15,69.64,70,0,6.6,NC,2022-07-28 22:20:40
274,Mar Del Plata,-38.0023,-57.5575,49.08,96,100,18.99,AR,2022-07-28 22:20:40
275,Balkanabat,39.5108,54.3671,84.38,52,5,7.43,TM,2022-07-28 22:21:40
276,Jishou,28.3167,109.7167,72.95,95,1,1.25,CN,2022-07-28 22:21:41
277,Oussouye,12.485,-16.5469,82.49,82,87,11.72,SN,2022-07-28 22:21:41
278,Buraydah,26.326,43.975,95.45,16,98,4.74,SA,2022-07-28 22:17:20
279,Bayan,46.0833,127.4,71.58,96,99,3.78,CN,2022-07-28 22:21:41
280,Arroyo,41.6096,-4.7969,76.14,46,0,12.66,ES,2022-07-28 22:21:42
281,Nanortalik,60.1432,-45.2371,45.37,82,55,4.59,GL,2022-07-28 22:21:42
282,Mogadishu,2.0371,45.3438,75.88,83,46,16.82,SO,2022-07-28 22:21:42
283,Ligayan,4.6533,119.4706,83.01,68,99,3.02,PH,2022-07-28 22:21:43
284,Imbituba,-28.24,-48.6703,77.86,87,100,11.99,BR,2022-07-28 22:21:43
285,Parakou,9.3372,2.6303,70.39,97,100,7.07,BJ,2022-07-28 22:21:43
286,Khani,41.9563,42.9566,56.77,95,4,2.13,GE,2022-07-28 22:21:44
287,Labuhan,-6.8844,112.2051,75.16,87,84,5.88,ID,2022-07-28 22:21:44
288,Farafangana,-22.8167,47.8333,66.87,86,43,2.15,MG,2022-07-28 22:21:45
289,Ribeira Grande,38.5167,-28.7,73.38,77,15,4.88,PT,2022-07-28 22:18:27
290,Batemans Bay,-35.7167,150.1833,48.09,88,58,4.85,AU,2022-07-28 22:21:45
291,Tamworth,52.634,-1.6959,66.52,64,92,1.99,GB,2022-07-28 22:18:28
292,Halifax,44.6453,-63.5724,78.69,54,20,12.66,CA,2022-07-28 22:21:45
293,Sao Filipe,14.8961,-24.4956,79.52,76,16,11.88,CV,2022-07-28 22:21:46
294,Kavaratti,10.5669,72.642,81.01,82,100,18.01,IN,2022-07-28 22:21:46
295,Pak Phanang,8.3511,100.202,78.48,88,55,3.31,TH,2022-07-28 22:21:46
296,Port Keats,-14.25,129.55,63.99,47,87,7.67,AU,2022-07-28 22:21:47
297,Hobyo,5.3505,48.5268,75.45,88,72,23.02,SO,2022-07-28 22:21:47
298,Hastings,50.8552,0.5729,63.32,78,42,13.09,GB,2022-07-28 22:21:47
299,Nalut,30.3333,10.85,91.85,17,72,11.36,LY,2022-07-28 22:21:48
300,Pucallpa,-8.3791,-74.5539,89.64,55,20,4.61,PE,2022-07-28 22:21:48
301,Tromso,69.6496,18.957,46.42,87,20,2.3,NO,2022-07-28 22:20:05
302,Portland,45.5234,-122.6762,100.49,44,20,6.91,US,2022-07-28 22:17:05
303,Zyryanka,65.75,150.85,58.86,48,3,9.89,RU,2022-07-28 22:21:49
304,Lins,-21.6786,-49.7425,73.83,27,32,5.59,BR,2022-07-28 22:21:49
305,Pangai,-19.8,-174.35,80.71,78,20,19.57,TO,2022-07-28 22:21:49
306,Morshansk,53.4435,41.8107,65.75,87,5,4.36,RU,2022-07-28 22:21:50
307,Ust-Maya,60.4167,134.5333,71.96,60,5,3.33,RU,2022-07-28 22:21:50
308,Praia Da Vitoria,38.7333,-27.0667,73.76,83,20,4.07,PT,2022-07-28 22:18:42
309,Sharkan,57.2989,53.8712,59.79,74,83,2.98,RU,2022-07-28 22:21:50
310,Saint-Francois,46.4154,3.9054,65.64,63,0,3.44,FR,2022-07-28 22:21:51
311,Vilyuysk,63.7553,121.6247,71.22,69,8,5.48,RU,2022-07-28 22:21:51
312,Linxia,35.6003,103.2064,56.34,72,43,3.56,CN,2022-07-28 22:21:51
313,Guanica,17.9716,-66.908,85.98,75,9,12.21,PR,2022-07-28 22:21:52
314,Korla,41.7597,86.1469,87.01,24,100,19.82,CN,2022-07-28 22:21:52
315,Norman Wells,65.282,-126.8329,68.04,40,75,5.75,CA,2022-07-28 22:21:52
316,Mount Isa,-20.7333,139.5,56.97,33,1,8.05,AU,2022-07-28 22:21:53
317,Adrar,20.5022,-10.0711,99.54,8,27,5.61,MR,2022-07-28 22:19:52
318,Skibbereen,51.55,-9.2667,62.11,93,91,6.38,IE,2022-07-28 22:21:53
319,Nuuk,64.1835,-51.7216,47.01,76,75,6.91,GL,2022-07-28 22:21:53
320,Inhambane,-23.865,35.3833,63.1,75,0,3.18,MZ,2022-07-28 22:21:54
321,Port-Gentil,-0.7193,8.7815,75.16,88,20,6.91,GA,2022-07-28 22:22:54
322,Westport,41.1415,-73.3579,86.09,83,0,12.66,US,2022-07-28 22:22:54
323,Issoire,45.55,3.25,69.06,67,85,3.24,FR,2022-07-28 22:22:55
324,Bayana,26.9,77.2833,81.68,77,93,6.04,IN,2022-07-28 22:22:55
325,Tekeli,44.83,78.8239,67.82,55,68,6.76,KZ,2022-07-28 22:22:55
326,Yeppoon,-23.1333,150.7333,53.38,78,34,5.84,AU,2022-07-28 22:22:56
327,Coquimbo,-29.9533,-71.3436,56.93,88,0,9.22,CL,2022-07-28 22:22:56
328,Toronto,43.7001,-79.4163,83.32,45,20,24.16,CA,2022-07-28 22:19:14
329,Guangshui,31.6199,113.9978,72.59,96,12,4.59,CN,2022-07-28 22:22:56
330,Mnogovershinnyy,53.9353,139.9242,65.53,69,74,2.55,RU,2022-07-28 22:22:57
331,Poum,-20.2333,164.0167,71.15,75,20,9.15,NC,2022-07-28 22:22:57
332,Anadyr,64.75,177.4833,54.1,76,75,13.42,RU,2022-07-28 22:22:57
333,Barstow,34.8986,-117.0228,102.16,14,77,3.06,US,2022-07-28 22:22:58
334,Qui Nhon,13.7667,109.2333,78.15,87,39,3.89,VN,2022-07-28 22:22:58
335,Yumen,40.2833,97.2,74.84,13,43,6.78,CN,2022-07-28 22:22:59
336,Nador,35.174,-2.9287,79.05,73,0,3.44,MA,2022-07-28 22:22:59
337,Mitu,1.1983,-70.1733,75.34,83,86,4.03,CO,2022-07-28 22:22:59
338,Saint-Pierre,-21.3393,55.4781,67.68,73,0,6.91,RE,2022-07-28 22:22:59
339,Kristiansund,63.1115,7.732,55.45,82,20,5.75,NO,2022-07-28 22:23:00
340,Kahului,20.8947,-156.47,87.82,45,20,18.41,US,2022-07-28 22:22:32
341,Goma,-1.6792,29.2228,64.69,82,87,0.51,CD,2022-07-28 22:21:59
342,Wangou,42.0623,126.9127,66.13,96,98,3.27,CN,2022-07-28 22:23:00
343,Quang Ngai,15.1167,108.8,76.33,86,33,3.96,VN,2022-07-28 22:23:01
344,Pindiga,9.9833,10.9333,71.11,92,53,9.48,NG,2022-07-28 22:23:01
345,Shingu,33.7333,135.9833,79.41,87,66,4.92,JP,2022-07-28 22:23:01
346,Tarata,-17.6167,-66.0167,72.82,36,74,8.43,BO,2022-07-28 22:23:02
347,The Valley,18.217,-63.0578,84.34,65,20,12.66,AI,2022-07-28 22:23:02
348,Neiafu,-18.65,-173.9833,79.48,78,75,11.5,TO,2022-07-28 22:23:02
349,Los Llanos De Aridane,28.6585,-17.9182,69.55,93,20,20.71,ES,2022-07-28 22:23:03
350,Havre-Saint-Pierre,50.2334,-63.5986,62.96,82,40,12.66,CA,2022-07-28 22:23:03
351,Khovu-Aksy,51.1333,93.6,48.24,65,78,3.56,RU,2022-07-28 22:23:04
352,Siquijor,9.2142,123.515,78.71,78,100,14.09,PH,2022-07-28 22:23:04
353,Ambovombe,-25.1667,46.0833,66.11,78,8,15.19,MG,2022-07-28 22:23:04
354,Ginir,7.1333,40.7,57.24,74,41,9.1,ET,2022-07-28 22:23:04
355,Weyburn,49.6668,-103.8511,73.62,35,0,2.3,CA,2022-07-28 22:23:05
356,Duliby,49.2313,23.8153,58.17,86,75,2.59,UA,2022-07-28 22:23:05
357,Luwingu,-10.2621,29.9271,54.34,58,27,2.46,ZM,2022-07-28 22:23:05
358,Rosetta,31.4044,30.4164,79.14,73,0,7.85,EG,2022-07-28 22:23:06
359,Aden,12.7794,45.0367,86.61,67,9,4.9,YE,2022-07-28 22:23:06
360,Gunjur,13.2019,-16.7339,78.87,89,40,6.91,GM,2022-07-28 22:23:07
361,Port Lincoln,-34.7333,135.8667,52.83,86,99,12.62,AU,2022-07-28 22:23:07
362,Fukue,32.6881,128.8419,81.81,83,4,8.01,JP,2022-07-28 22:23:07
363,San Patricio,28.017,-97.5169,96.17,47,75,18.1,US,2022-07-28 22:23:08
364,Kolvereid,64.8655,11.6047,50.58,81,77,3.85,NO,2022-07-28 22:23:08
365,Porto Novo,6.4965,2.6036,76.82,77,100,10.07,BJ,2022-07-28 22:23:08
366,Lensk,60.7253,114.9278,69.53,81,100,1.3,RU,2022-07-28 22:24:09
367,Wajima,37.4,136.9,79.07,88,6,7.14,JP,2022-07-28 22:24:09
368,Shache,38.4167,77.2406,84.7,20,95,8.14,CN,2022-07-28 22:24:09
369,Ziro,27.6333,93.8333,59.86,98,93,1.3,IN,2022-07-28 22:24:10
370,Dori,14.0354,-0.0345,82.31,65,90,21.56,BF,2022-07-28 22:24:10
371,Xinyu,27.8043,114.9334,77.92,89,99,2.55,CN,2022-07-28 22:24:10
372,Bengkulu,-3.8004,102.2655,75.07,89,93,5.55,ID,2022-07-28 22:24:11
373,Kanigoro,-8.13,112.219,68.92,95,100,1.59,ID,2022-07-28 22:24:11
374,Purranque,-40.9167,-73.1667,47.53,96,96,1.52,CL,2022-07-28 22:24:11
375,Ternate,0.8,127.4,79.79,80,86,5.21,ID,2022-07-28 22:24:12
376,Yulara,-25.2406,130.9889,46.38,38,91,9.24,AU,2022-07-28 22:24:12
377,Tynda,55.1667,124.7167,63.05,95,65,1.43,RU,2022-07-28 22:24:12
378,Nouadhibou,20.931,-17.0347,75.18,73,0,23.02,MR,2022-07-28 22:24:13
379,Sangar,63.9242,127.4739,72.12,65,5,0.6,RU,2022-07-28 22:24:13
380,Walvis Bay,-22.9575,14.5053,51.1,87,18,2.3,NA,2022-07-28 22:24:13
381,Rio Grande,-32.035,-52.0986,55.51,90,100,17.18,BR,2022-07-28 22:20:23
382,Isla Vista,34.4133,-119.861,89.01,54,17,6.64,US,2022-07-28 22:24:14
383,Monduli,-3.3,36.45,56.66,86,12,7.63,TZ,2022-07-28 22:24:14
384,Bambanglipuro,-7.95,110.2833,72.57,91,86,4.99,ID,2022-07-28 22:24:15
385,Kamenka,51.3223,42.7678,70.45,63,82,0.87,RU,2022-07-28 22:24:15
386,Yerbogachen,61.2767,108.0108,64.31,92,82,3.53,RU,2022-07-28 22:24:15
387,Bilibino,68.0546,166.4372,55.29,46,12,10.94,RU,2022-07-28 22:24:15
388,Makakilo City,21.3469,-158.0858,86.32,51,0,18.41,US,2022-07-28 22:23:47
389,Gravelbourg,49.8834,-106.5512,75.47,28,0,6.22,CA,2022-07-28 22:23:16
390,Eganville,45.5334,-77.0994,77.52,50,78,9.8,CA,2022-07-28 22:24:16
391,Tocopilla,-22.092,-70.1979,63.46,72,37,10.96,CL,2022-07-28 22:21:54
392,Souillac,-20.5167,57.5167,66.58,88,40,9.22,MU,2022-07-28 22:24:16
393,Ariquemes,-9.9133,-63.0408,83.12,35,2,0.38,BR,2022-07-28 22:24:17
394,Urucara,-2.5364,-57.76,81.59,65,96,1.32,BR,2022-07-28 22:24:17
395,Batagay-Alyta,67.8006,130.4114,76.08,50,56,1.03,RU,2022-07-28 22:24:17
396,Margate,51.3813,1.3862,63.7,75,85,4.0,GB,2022-07-28 22:22:46
397,Saraland,30.8207,-88.0706,88.41,70,45,8.81,US,2022-07-28 22:24:18
398,Myitkyina,25.3833,97.4,74.46,95,67,1.77,MM,2022-07-28 22:24:18
399,Lima,-12.0432,-77.0282,59.9,86,100,6.91,PE,2022-07-28 22:21:49
400,Miranda,3.2499,-76.2281,71.73,88,85,3.15,CO,2022-07-28 22:24:19
401,Kuching,1.55,110.3333,75.42,100,40,3.0,MY,2022-07-28 22:24:19
402,Salinopolis,-0.6136,-47.3561,79.23,80,68,10.04,BR,2022-07-28 22:24:19
403,Lodja,-3.4833,23.4333,76.44,65,99,4.43,CD,2022-07-28 22:24:20
404,Ust-Tsilma,65.441,52.1498,64.89,81,64,3.06,RU,2022-07-28 22:24:20
405,Buala,-8.145,159.5921,83.16,73,61,10.22,SB,2022-07-28 22:24:20
406,Hami,42.8,93.45,86.02,12,65,9.01,CN,2022-07-28 22:24:21
407,Kandrian,-6.2167,149.55,79.54,85,56,8.48,PG,2022-07-28 22:24:21
408,Cidreira,-30.1811,-50.2056,63.36,97,100,9.42,BR,2022-07-28 22:24:10
409,Bambous Virieux,-20.3428,57.7575,69.22,88,40,9.22,MU,2022-07-28 22:24:21
410,Fort Frances,48.5999,-93.4003,70.02,64,20,14.97,CA,2022-07-28 22:24:22
411,Lasa,46.6166,10.7002,64.36,90,99,3.24,IT,2022-07-28 22:24:22
412,La Libertad,-2.2333,-80.9,73.06,78,75,10.36,EC,2022-07-28 22:25:22
413,Berezovyy,51.6667,135.7,69.58,96,100,0.92,RU,2022-07-28 22:25:23
414,Gorontalo,0.5412,123.0595,74.61,95,89,5.46,ID,2022-07-28 22:25:23
415,Altayskoye,51.9533,85.3325,60.12,79,49,4.5,RU,2022-07-28 22:25:23
416,Bodden Town,19.2833,-81.25,86.0,73,75,5.99,KY,2022-07-28 22:25:24
417,Bubaque,11.2833,-15.8333,79.88,82,45,13.62,GW,2022-07-28 22:25:24
418,Victoria Point,-27.5833,153.3,56.95,81,0,3.0,AU,2022-07-28 22:25:24
419,Ranong,9.9658,98.6348,77.86,88,21,1.66,TH,2022-07-28 22:25:25
420,Vryheid,-27.7695,30.7917,49.84,85,8,5.19,ZA,2022-07-28 22:25:25
421,Dergachi,51.2328,48.7659,71.58,69,0,6.04,RU,2022-07-28 22:25:25
422,San Cristobal,7.7669,-72.225,71.78,77,95,4.54,VE,2022-07-28 22:23:39
423,Vega De Alatorre,20.0333,-96.6333,86.13,65,76,17.47,MX,2022-07-28 22:25:26
424,Morondava,-20.2833,44.2833,68.86,78,0,6.64,MG,2022-07-28 22:25:26
425,Creston,41.0586,-94.3614,81.72,38,0,11.5,US,2022-07-28 22:25:26
426,Tolaga Bay,-38.3667,178.3,57.69,66,57,12.66,NZ,2022-07-28 22:25:27
427,Belyy Yar,53.6039,91.3903,53.85,86,0,2.24,RU,2022-07-28 22:25:27
428,Solnechnyy,50.7214,136.6319,70.27,90,100,1.74,RU,2022-07-28 22:25:27
429,Mangrol,21.1167,70.1167,80.49,81,99,9.64,IN,2022-07-28 22:25:28
430,Kaliua,-5.0606,31.7936,73.15,40,52,5.26,TZ,2022-07-28 22:25:28
431,Pangnirtung,66.1451,-65.7125,51.8,93,75,2.3,CA,2022-07-28 22:25:28
432,Caravelas,-17.7125,-39.2481,69.3,81,0,6.55,BR,2022-07-28 22:25:29
433,Atambua,-9.1061,124.8925,65.1,86,85,5.7,ID,2022-07-28 22:25:29
434,Komsomolskiy,40.4272,71.7189,84.92,23,84,11.5,UZ,2022-07-28 22:25:29
435,Burns Lake,54.2331,-125.7533,87.22,20,1,5.19,CA,2022-07-28 22:25:30
436,Altona,53.55,9.9333,58.66,74,40,8.05,DE,2022-07-28 22:25:30
437,Gumdag,39.2061,54.5906,83.3,61,26,11.88,TM,2022-07-28 22:25:30
438,Haines Junction,60.7522,-137.5108,66.15,45,98,5.75,CA,2022-07-28 22:25:31
439,Ferrol,43.4832,-8.2369,65.68,89,4,3.31,ES,2022-07-28 22:25:04
440,Xining,36.6167,101.7667,54.91,64,99,3.31,CN,2022-07-28 22:23:59
441,Esmeraldas,-19.7625,-44.3139,72.46,42,1,2.24,BR,2022-07-28 22:25:31
442,Santa Cruz Del Sur,20.7147,-77.9956,84.56,64,47,5.59,CU,2022-07-28 22:25:32
443,Uray,60.1247,64.7758,55.8,73,2,3.85,RU,2022-07-28 22:25:32
444,Mecca,21.4267,39.8261,90.45,29,94,3.44,SA,2022-07-28 22:24:30
445,Luwuk,-0.9516,122.7875,75.58,94,97,3.06,ID,2022-07-28 22:25:32
446,Independencia,-5.3964,-40.3086,83.43,37,68,6.91,BR,2022-07-28 22:25:33
447,Hamada,34.8833,132.0833,78.64,84,1,3.29,JP,2022-07-28 22:25:33
448,Svetlyy,54.675,20.1347,58.96,82,10,3.15,RU,2022-07-28 22:25:33
449,San Ramon De La Nueva Oran,-23.1322,-64.326,61.59,59,100,7.63,AR,2022-07-28 22:20:36
450,Bathsheba,13.2167,-59.5167,83.01,84,20,17.27,BB,2022-07-28 22:25:34
451,Olafsvik,64.8945,-23.7142,44.53,79,96,16.8,IS,2022-07-28 22:25:34
452,Timizart,36.8,4.2667,77.47,58,0,5.21,DZ,2022-07-28 22:25:34
453,Huarmey,-10.0681,-78.1522,66.15,75,28,12.12,PE,2022-07-28 22:25:35
454,La Rioja,42.25,-2.5,64.18,70,53,4.81,ES,2022-07-28 22:25:35
455,Kosh-Agach,50.0,88.6667,48.99,55,8,1.66,RU,2022-07-28 22:25:35
456,Malim,7.452,123.4312,80.89,76,100,2.91,PH,2022-07-28 22:25:36
457,Payo,-3.7508,103.6372,74.73,87,100,1.86,ID,2022-07-28 22:25:36
458,Raver,21.25,76.0333,79.21,83,96,2.93,IN,2022-07-28 22:26:36
459,Farmington,36.7281,-108.2187,77.68,47,75,11.5,US,2022-07-28 22:26:37
460,Zhuhai,22.2769,113.5678,87.85,84,0,3.44,CN,2022-07-28 22:26:37
461,Otavi,-19.65,17.3333,62.29,29,5,2.01,NA,2022-07-28 22:26:37
462,Bolgar,54.95,49.0667,63.82,75,7,4.92,RU,2022-07-28 22:26:38
463,Sola,-13.8833,167.55,84.87,79,75,5.75,VU,2022-07-28 22:26:38
464,Beyla,8.6833,-8.6333,66.54,99,73,4.52,GN,2022-07-28 22:26:38
465,Turbat,26.0023,63.044,81.5,74,100,7.27,PK,2022-07-28 22:26:39
466,Atar,20.5169,-13.0499,98.56,20,0,7.02,MR,2022-07-28 22:22:23
467,Kaeo,-35.1,173.7833,60.33,90,32,7.65,NZ,2022-07-28 22:26:39
468,Kindu,-2.95,25.95,71.64,85,100,2.93,CD,2022-07-28 22:26:39
469,Cabedelo,-6.9811,-34.8339,75.87,82,6,10.25,BR,2022-07-28 22:22:29
470,Hualmay,-11.0964,-77.6139,64.29,77,22,11.03,PE,2022-07-28 22:26:40
471,Sibolga,1.7427,98.7792,75.83,92,100,2.37,ID,2022-07-28 22:26:40
472,Owando,-0.4819,15.8999,76.12,62,98,2.89,CG,2022-07-28 22:26:41
473,Barkhan,29.8977,69.5256,78.39,76,100,5.3,PK,2022-07-28 22:26:41
474,Altay,47.8667,88.1167,65.61,42,22,5.64,CN,2022-07-28 22:26:41
475,Autazes,-3.5797,-59.1306,84.07,46,16,3.04,BR,2022-07-28 22:26:42
476,Dakar,14.6937,-17.4441,82.53,78,75,19.57,SN,2022-07-28 22:25:09
477,Ixtapa,20.7,-105.2,87.03,62,75,11.5,MX,2022-07-28 22:26:42
478,Yinchuan,38.4681,106.2731,76.32,38,0,9.73,CN,2022-07-28 22:26:43
479,Dudinka,69.4058,86.1778,53.24,73,5,3.42,RU,2022-07-28 22:26:43
480,Bat Yam,32.0231,34.7503,83.05,83,20,2.3,IL,2022-07-28 22:22:45
481,Mpongwe,-13.5091,28.155,55.53,57,82,6.13,ZM,2022-07-28 22:26:43
482,Zyryanskoye,56.8306,86.6258,56.05,82,20,3.11,RU,2022-07-28 22:26:44
483,Siavonga,-16.5382,28.7088,64.44,51,3,5.37,ZM,2022-07-28 22:26:44
484,Mahroni,24.5862,78.7288,79.14,82,100,5.23,IN,2022-07-28 22:26:44
485,Balykshi,47.0667,51.8667,69.8,83,0,2.24,KZ,2022-07-28 22:26:45
486,Malindi,-3.2175,40.1191,74.14,81,14,12.62,KE,2022-07-28 22:26:45
487,Vostok,46.4856,135.8833,71.4,82,100,0.74,RU,2022-07-28 22:26:45
488,Tarpon Springs,28.1461,-82.7568,94.21,72,0,5.99,US,2022-07-28 22:26:46
489,Thenzawl,23.3167,92.75,68.22,99,93,1.61,IN,2022-07-28 22:26:46
490,Kuusamo,65.9667,29.1833,51.84,93,100,5.75,FI,2022-07-28 22:26:46
491,Hickory,35.7332,-81.3412,88.77,70,100,8.05,US,2022-07-28 22:25:54
492,Xapuri,-10.6517,-68.5044,88.23,36,14,1.05,BR,2022-07-28 22:26:47
493,Noumea,-22.2763,166.4572,72.0,99,34,10.36,NC,2022-07-28 22:26:47
494,Waddan,29.1614,16.139,86.11,25,0,11.56,LY,2022-07-28 22:26:48
495,Poirino,44.9208,7.8469,73.06,97,7,6.06,IT,2022-07-28 22:25:28
496,Anderson,34.5334,-82.6499,96.55,47,40,13.8,US,2022-07-28 22:26:48
497,Arman,59.7,150.1667,53.02,96,100,4.47,RU,2022-07-28 22:26:48
498,Xai-Xai,-25.0519,33.6442,59.34,81,0,5.86,MZ,2022-07-28 22:26:49
499,Sao Joao Da Barra,-21.6403,-41.0511,72.28,83,41,19.91,BR,2022-07-28 22:26:42
500,Palmer,42.1584,-72.3287,86.61,64,75,25.32,US,2022-07-28 22:26:49
501,Kalmunai,7.4167,81.8167,76.44,92,100,3.04,LK,2022-07-28 22:26:49
502,Maneadero,31.7167,-116.5667,74.1,76,18,5.01,MX,2022-07-28 22:26:50
503,Karabash,55.4808,60.2157,56.48,81,100,5.3,RU,2022-07-28 22:26:50
504,Tangjiazhuang,39.7333,118.45,71.94,91,100,3.74,CN,2022-07-28 22:26:50
505,Basco,20.4487,121.9702,84.36,77,77,10.63,PH,2022-07-28 22:27:51
506,Viseu,40.661,-7.9097,62.85,88,0,1.81,PT,2022-07-28 22:27:51
507,Ak-Dovurak,51.1833,90.6,52.05,69,62,0.22,RU,2022-07-28 22:27:51
508,Hambantota,6.1241,81.1185,77.05,91,100,5.39,LK,2022-07-28 22:27:52
509,Aasiaat,68.7098,-52.8699,37.96,85,87,2.21,GL,2022-07-28 22:27:52
510,Orcopampa,-15.2661,-72.3417,57.36,22,5,9.15,PE,2022-07-28 22:27:52
511,Santa Clara,22.4,-79.9667,85.66,66,75,17.27,CU,2022-07-28 22:27:53
512,Bonaventure,48.0457,-65.4926,73.98,73,68,4.61,CA,2022-07-28 22:27:53
513,Agadez,19.75,10.25,91.31,21,67,4.03,NE,2022-07-28 22:27:54
514,Mount Gambier,-37.8333,140.7667,39.38,89,9,2.53,AU,2022-07-28 22:25:19
515,Santiago,-33.4569,-70.6483,60.24,52,0,3.44,CL,2022-07-28 22:27:05
516,Samana,19.2056,-69.3369,82.36,77,7,9.48,DO,2022-07-28 22:27:54
517,Suamico,44.6319,-88.0393,77.29,48,75,14.97,US,2022-07-28 22:27:55
518,Casper,42.8666,-106.3131,84.81,31,0,11.5,US,2022-07-28 22:24:06
519,Ketchikan,55.3422,-131.6461,72.07,68,0,9.22,US,2022-07-28 22:27:55
520,Sur,22.5667,59.5289,81.63,73,98,15.28,OM,2022-07-28 22:27:55
521,Vila,42.0304,-8.1588,58.69,80,0,3.33,PT,2022-07-28 22:27:56
522,Baker City,44.7749,-117.8344,98.31,20,0,19.57,US,2022-07-28 22:27:56
523,Kijang,35.2442,129.2139,80.33,92,1,7.43,KR,2022-07-28 22:27:56
524,Save,8.0425,2.486,71.37,98,100,6.98,BJ,2022-07-28 22:27:57
525,Puerto Palomas,31.7667,-107.6167,92.39,26,63,8.12,MX,2022-07-28 22:27:57
526,Qaqortoq,60.7167,-46.0333,47.07,73,37,5.37,GL,2022-07-28 22:27:57
527,Deputatskiy,69.3,139.9,50.36,56,100,4.88,RU,2022-07-28 22:27:58
528,Tvoroyri,61.5556,-6.8111,52.84,89,34,14.36,FO,2022-07-28 22:27:58
529,Tessalit,20.1986,1.0114,94.96,24,94,8.23,ML,2022-07-28 22:27:58
530,Nioro,13.35,-15.75,79.07,81,64,9.8,GM,2022-07-28 22:27:59
531,Tiarei,-17.5333,-149.3333,82.42,77,14,24.23,PF,2022-07-28 22:27:59
532,Santa Cruz Cabralia,-16.2781,-39.0247,73.63,73,20,8.05,BR,2022-07-28 22:27:59
533,Beloha,-25.1667,45.05,63.64,83,8,11.65,MG,2022-07-28 22:28:00
534,Saeby,57.3319,10.5225,53.96,87,0,7.18,DK,2022-07-28 22:28:00
535,Quatre Cocos,-20.2078,57.7625,69.1,78,7,10.38,MU,2022-07-28 22:28:00
536,Holme,56.1138,10.1725,54.18,81,25,3.69,DK,2022-07-28 22:28:01
537,Honiara,-9.4333,159.95,82.09,73,35,7.05,SB,2022-07-28 22:28:01
538,Misratah,32.3754,15.0925,82.35,68,0,2.51,LY,2022-07-28 22:28:01
539,Sagarejo,41.734,45.3315,72.03,54,45,4.85,GE,2022-07-28 22:28:02
540,Bichura,50.5881,107.6022,52.43,85,95,2.37,RU,2022-07-28 22:28:02
541,Bonfim,3.0833,-59.95,80.04,82,98,1.01,BR,2022-07-28 22:28:02
542,Hovd,48.0056,91.6419,60.48,44,40,1.23,MN,2022-07-28 22:27:34
543,Mandera,3.9366,41.867,78.17,51,7,18.72,KE,2022-07-28 22:28:03
544,Golden,39.7555,-105.2211,77.63,64,75,6.91,US,2022-07-28 22:26:29
545,Tautira,-17.7333,-149.15,77.31,78,24,24.09,PF,2022-07-28 22:28:03
546,Canton,23.1167,113.25,86.88,59,100,4.81,CN,2022-07-28 22:23:33
547,Kupino,54.3663,77.2981,62.6,93,76,10.87,RU,2022-07-28 22:28:03
548,Marsh Harbour,26.5412,-77.0636,83.39,70,24,14.54,BS,2022-07-28 22:28:04
549,Vila Velha,-20.3297,-40.2925,75.15,81,0,13.8,BR,2022-07-28 22:24:37
550,Hirara,24.8,125.2833,82.67,83,20,5.75,JP,2022-07-28 22:28:04
551,La Joya,18.6667,-99.4667,83.71,51,26,3.98,MX,2022-07-28 22:28:05
552,Mantua,45.1667,10.7833,76.08,74,59,4.97,IT,2022-07-28 22:29:05
553,Yenagoa,4.9247,6.2642,72.75,96,100,3.15,NG,2022-07-28 22:29:06
554,Paamiut,61.994,-49.6678,42.21,91,100,15.88,GL,2022-07-28 22:29:06
555,Kamaishi,39.2667,141.8833,75.7,86,13,0.94,JP,2022-07-28 22:29:07
556,Sorong,-0.8833,131.25,77.32,88,86,4.59,ID,2022-07-28 22:29:07
557,Manzanillo,20.3433,-77.1167,84.24,66,59,3.71,CU,2022-07-28 22:29:07
558,Kupang,-10.1667,123.5833,73.89,71,62,13.78,ID,2022-07-28 22:29:08
559,Nishihara,26.1842,127.7558,83.48,84,40,11.5,JP,2022-07-28 22:29:08
560,Zhanaozen,43.3,52.8,74.75,58,2,8.01,KZ,2022-07-28 22:29:08
561,Sao Marcos,-28.9711,-51.0681,56.19,93,100,6.46,BR,2022-07-28 22:29:09
562,Eydhafushi,5.1033,73.0708,81.21,78,90,16.31,MV,2022-07-28 22:29:09
